"number","name","version","author","link","sha256"
"1","Soot","v4.0.1","gr-e","https://aimp.ru/?do=catalog.download&id=923","SKIP"
"2","A4","3.2","ELECTRON!CK","https://aimp.ru/?do=catalog.download&id=832","SKIP"
"3","Dual C828","v1.01","McClaud","https://aimp.ru/?do=catalog.download&id=1375","SKIP"
"4","K-2","v1.15","McClaud","https://aimp.ru/?do=catalog.download&id=1326","SKIP"
"5","Fantasy","v1.3","Black_AVP","https://aimp.ru/?do=catalog.download&id=558","SKIP"
"6","Gravity - New Year","2025-12-22","Raider01","https://aimp.ru/?do=catalog.download&id=498","SKIP"
"7","Euphoria Lux NY","v2.3","Aleksandr009","https://aimp.ru/?do=catalog.download&id=941","SKIP"
"8","M5","v1.2.9","amdpastrana","https://aimp.ru/?do=catalog.download&id=1246","SKIP"
"9","AIMP-CC","v1.86","McClaud","https://aimp.ru/?do=catalog.download&id=646","SKIP"
"10","Elfa 201","v1.42","McClaud","https://aimp.ru/?do=catalog.download&id=1203","SKIP"
"11","Yauza 207","v1.86","McClaud","https://aimp.ru/?do=catalog.download&id=901","SKIP"
"12","Юпитер 203","v1.33","McClaud","https://aimp.ru/?do=catalog.download&id=1206","SKIP"
"13","Telefunken Magnetophon 77","v1.73","McClaud","https://aimp.ru/?do=catalog.download&id=837","SKIP"
"14","Ростов-102","v1.58","McClaud","https://aimp.ru/?do=catalog.download&id=1088","SKIP"
"15","Pioneer RT-909","v2.65","McClaud","https://aimp.ru/?do=catalog.download&id=1027","SKIP"
"16","Pioneer RT-707","v2.89","McClaud","https://aimp.ru/?do=catalog.download&id=380","SKIP"
"17","Mayak-203 (205)","v3.27","McClaud","https://aimp.ru/?do=catalog.download&id=644","SKIP"
"18","KOMETA 225","v1.07","McClaud","https://aimp.ru/?do=catalog.download&id=1284","SKIP"
"19","Technicss","2025-11-07","Black_AVP","https://aimp.ru/?do=catalog.download&id=544","SKIP"
"20","Kenwood KX-4520","2025-10-28","Black_AVP","https://aimp.ru/?do=catalog.download&id=512","SKIP"
"21","ASC AS6002S","v1.27","McClaud","https://aimp.ru/?do=catalog.download&id=1354","SKIP"
"22","Mayak M-240 C-1","v1.61","McClaud","https://aimp.ru/?do=catalog.download&id=611","SKIP"
"23","IZOT","v1.31","McClaud","https://aimp.ru/?do=catalog.download&id=1273","SKIP"
"24","-Flo- 4K","v2.13","McClaud","https://aimp.ru/?do=catalog.download&id=1166","SKIP"
"25","Kantaris-Teyp","v1.9.7.5","memo-se","https://aimp.ru/?do=catalog.download&id=1268","SKIP"
"26","Denon Classic Style","v5.1","Black_AVP","https://aimp.ru/?do=catalog.download&id=417","SKIP"
"27","ReVox B 77 MKIII 4K","2025-08-21","Black_AVP","https://aimp.ru/?do=catalog.download&id=1349","SKIP"
"28","Sony TC-R6 4K","2025-08-21","Black_AVP","https://aimp.ru/?do=catalog.download&id=1361","SKIP"
"29","Dual C 846 4K","2025-07-23","Black_AVP","https://aimp.ru/?do=catalog.download&id=1358","SKIP"
"30","Reloop RP-7000 GLD 4K","2025-07-13","Black_AVP","https://aimp.ru/?do=catalog.download&id=1355","SKIP"
"31","Teac V-770 4K","2025-07-13","Black_AVP","https://aimp.ru/?do=catalog.download&id=1353","SKIP"
"32","Teac V-8BL 4K","2025-06-22","Black_AVP","https://aimp.ru/?do=catalog.download&id=1352","SKIP"
"33","Nakamichi CR-4 4K","2025-06-22","Black_AVP","https://aimp.ru/?do=catalog.download&id=1351","SKIP"
"34","Pioneer T-7050R 4K","2025-06-22","Black_AVP","https://aimp.ru/?do=catalog.download&id=1350","SKIP"
"35","Technics RS-1700 4K","2025-05-30","Black_AVP","https://aimp.ru/?do=catalog.download&id=1348","SKIP"
"36","Teac X-2000R 4K","2025-05-30","Black_AVP","https://aimp.ru/?do=catalog.download&id=1347","SKIP"
"37","Pioneer CT-S620 4K","2025-05-30","Black_AVP","https://aimp.ru/?do=catalog.download&id=1346","SKIP"
"38","Dual CC 8065 4K","2025-05-19","Black_AVP","https://aimp.ru/?do=catalog.download&id=1344","SKIP"
"39","Denon DR-F2 4K","2025-05-12","Black_AVP","https://aimp.ru/?do=catalog.download&id=1343","SKIP"
"40","Pioneer CT-A9D 4K","2025-05-12","Black_AVP","https://aimp.ru/?do=catalog.download&id=1342","SKIP"
"41","Astra-205 4K","2025-05-12","Black_AVP","https://aimp.ru/?do=catalog.download&id=1341","SKIP"
"42","Pioneer CT-939 4K","2025-05-12","Black_AVP","https://aimp.ru/?do=catalog.download&id=1340","SKIP"
"43","Pioneer T-D7 4K","2025-05-07","Black_AVP","https://aimp.ru/?do=catalog.download&id=1339","SKIP"
"44","Akai GX-77 4K","2025-05-06","Black_AVP","https://aimp.ru/?do=catalog.download&id=1338","SKIP"
"45","НОТА 203-1 стерео","v3.0","Пупс","https://aimp.ru/?do=catalog.download&id=729","SKIP"
"46","Ода-102-стерео","v1.05","McClaud","https://aimp.ru/?do=catalog.download&id=1330","SKIP"
"47","Victor KD-D55","v1.90","McClaud","https://aimp.ru/?do=catalog.download&id=667","SKIP"
"48","Mayak-232 (233)","v2.33","McClaud","https://aimp.ru/?do=catalog.download&id=595","SKIP"
"49","Electronica-302","v2.22","McClaud","https://aimp.ru/?do=catalog.download&id=583","SKIP"
"50","ЮПИТЕР (Giove) 203-1 стерео","v3.0","Пупс","https://aimp.ru/?do=catalog.download&id=759","SKIP"
"51","САТУРН 202-2С","v3.0","Пупс","https://aimp.ru/?do=catalog.download&id=738","SKIP"
"52","САТУРН 202С-2 (Light)","v3.0","Пупс","https://aimp.ru/?do=catalog.download&id=827","SKIP"
"53","Red Bias","2.0","Zimmi","https://aimp.ru/?do=catalog.download&id=1324","SKIP"
"54","ОРБИТА-107С","v4.0","Пупс","https://aimp.ru/?do=catalog.download&id=836","SKIP"
"55","AMP","v3.2","IDimm","https://aimp.ru/?do=catalog.download&id=1204","SKIP"
"56","Союз-110","v1.1","Пупс","https://aimp.ru/?do=catalog.download&id=1299","SKIP"
"57","Romantik-201","v1.02","McClaud","https://aimp.ru/?do=catalog.download&id=1296","SKIP"
"58","Clear_gray","2023-12-01","Marat_S","https://aimp.ru/?do=catalog.download&id=921","SKIP"
"59","Вертикаль","2023-12-01","Marat_S","https://aimp.ru/?do=catalog.download&id=924","SKIP"
"60","Romantik 306","v1.01","McClaud","https://aimp.ru/?do=catalog.download&id=1286","SKIP"
"61","MMD3","v5.77","memo-se","https://aimp.ru/?do=catalog.download&id=701","SKIP"
"62","AIMPify","v1.2","XJ-090","https://aimp.ru/?do=catalog.download&id=1285","SKIP"
"63","Pandemic","v1.92","Krieger","https://aimp.ru/?do=catalog.download&id=720","SKIP"
"64","Сириус РЭМ-228С","v1.04","McClaud","https://aimp.ru/?do=catalog.download&id=1278","SKIP"
"65","Smoke and Flame","v2.0","Тень","https://aimp.ru/?do=catalog.download&id=974","SKIP"
"66","Antares","v1.7","Remoder","https://aimp.ru/?do=catalog.download&id=925","SKIP"
"67","Acubens","v1.7","Remoder","https://aimp.ru/?do=catalog.download&id=1198","SKIP"
"68","Электроника МП-204 стерео","v1.5","Пупс","https://aimp.ru/?do=catalog.download&id=681","SKIP"
"69","Romantik 304","v1.83","McClaud","https://aimp.ru/?do=catalog.download&id=618","SKIP"
"70","NordMende","v1.07","McClaud","https://aimp.ru/?do=catalog.download&id=1260","SKIP"
"71","Vega MP-120","v1.61","McClaud","https://aimp.ru/?do=catalog.download&id=573","SKIP"
"72","Revox B-710","v1.51","McClaud","https://aimp.ru/?do=catalog.download&id=575","SKIP"
"73","Mayak-120 (231)","v2.21","McClaud","https://aimp.ru/?do=catalog.download&id=543","SKIP"
"74","Marantz 5030","v1.61","McClaud","https://aimp.ru/?do=catalog.download&id=563","SKIP"
"75","JVC KD-65","v1.61","McClaud","https://aimp.ru/?do=catalog.download&id=564","SKIP"
"76","Sharp GF-777","v1.13","McClaud","https://aimp.ru/?do=catalog.download&id=1261","SKIP"
"77","ВЕСНА-306","v1.71","McClaud","https://aimp.ru/?do=catalog.download&id=581","SKIP"
"78","Pioneer CT-F1000","v1.53","McClaud","https://aimp.ru/?do=catalog.download&id=540","SKIP"
"79","Legenda-404","v1.72","McClaud","https://aimp.ru/?do=catalog.download&id=589","SKIP"
"80","Nagra SNST","v1.51","McClaud","https://aimp.ru/?do=catalog.download&id=894","SKIP"
"81","Mayak MP140C","v1.71","McClaud","https://aimp.ru/?do=catalog.download&id=622","SKIP"
"82","Olimp 004","v1.2","Пупс","https://aimp.ru/?do=catalog.download&id=1194","SKIP"
"83","Bliss Compact Dark","v2.24","Vincent Koelo","https://aimp.ru/?do=catalog.download&id=902","SKIP"
"84","ИЖ РМ-207С","v1.14","McClaud","https://aimp.ru/?do=catalog.download&id=1183","SKIP"
"85","Vilma 104","v1.37","McClaud","https://aimp.ru/?do=catalog.download&id=884","SKIP"
"86","Orbita-002 C","v2.73","McClaud","https://aimp.ru/?do=catalog.download&id=630","SKIP"
"87","Morion","v1.33","McClaud","https://aimp.ru/?do=catalog.download&id=889","SKIP"
"88","BECHA-205-1","v1.26","McClaud","https://aimp.ru/?do=catalog.download&id=1179","SKIP"
"89","Vilma M-212C","v1.33","McClaud","https://aimp.ru/?do=catalog.download&id=1189","SKIP"
"90","SocueLyricSkin","v1.6","socue","https://aimp.ru/?do=catalog.download&id=1233","SKIP"
"91","Sony Media Tower Reborn","v1.31","IK94","https://aimp.ru/?do=catalog.download&id=905","SKIP"
"92","Dark","v1.7","svist0plas","https://aimp.ru/?do=catalog.download&id=1067","SKIP"
"93","FL Skino 12","v1.7.8","Magis","https://aimp.ru/?do=catalog.download&id=855","SKIP"
"94","Mareala 4","2021-06-18","amdpastrana","https://aimp.ru/?do=catalog.download&id=1231","SKIP"
"95","Terran","v1.04","Argelius","https://aimp.ru/?do=catalog.download&id=1091","SKIP"
"96","Cyberwave","2021-03-09","umbrella-cakey","https://aimp.ru/?do=catalog.download&id=1228","SKIP"
"97","DEFIX Hi-End","2021-02-24","Tankevich Denis","https://aimp.ru/?do=catalog.download&id=1226","SKIP"
"98","Nexus Dark","2021-02-09","umbrella-cakey","https://aimp.ru/?do=catalog.download&id=1224","SKIP"
"99","Nexus","2021-02-09","umbrella-cakey","https://aimp.ru/?do=catalog.download&id=1223","SKIP"
"100","Singularity","2021-01-26","umbrella-cakey","https://aimp.ru/?do=catalog.download&id=1222","SKIP"
"101","Groover","v3.2","laziem","https://aimp.ru/?do=catalog.download&id=1221","SKIP"
"102","Toloka","2020-12-30","Тень","https://aimp.ru/?do=catalog.download&id=1169","SKIP"
"103","Analogue","2020-12-28","Henrique Oliveira","https://aimp.ru/?do=catalog.download&id=1216","SKIP"
"104","Messa","v2.4","Chivo","https://aimp.ru/?do=catalog.download&id=1205","SKIP"
"105","Olimp 006","v1.1","Пупс","https://aimp.ru/?do=catalog.download&id=995","SKIP"
"106","Lumin","v1.0","D2NP","https://aimp.ru/?do=catalog.download&id=1035","SKIP"
"107","Олимп-003","2020-10-10","Пупс","https://aimp.ru/?do=catalog.download&id=1202","SKIP"
"108","Astra 110","v2.02","igor6507","https://aimp.ru/?do=catalog.download&id=895","SKIP"
"109","Telos","2020-08-27","HyperOne","https://aimp.ru/?do=catalog.download&id=953","SKIP"
"110","Олимп МПК-005С-1","v1.2","Пупс","https://aimp.ru/?do=catalog.download&id=897","SKIP"
"111","ОЛИМП 702","2020-08-17","Пупс","https://aimp.ru/?do=catalog.download&id=903","SKIP"
"112","Lux & Nox","v1.11","Hades","https://aimp.ru/?do=catalog.download&id=1199","SKIP"
"113","Deep Dark Skin","v2.5","Chivo","https://aimp.ru/?do=catalog.download&id=1193","SKIP"
"114","Tascam Fireone","v1.1","Remoder","https://aimp.ru/?do=catalog.download&id=1104","SKIP"
"115","Chroma","v1.2","Andreas Maker","https://aimp.ru/?do=catalog.download&id=1161","SKIP"
"116","GOM Audio Skin Dark","2020-05-07","FKF5482","https://aimp.ru/?do=catalog.download&id=1175","SKIP"
"117","Akai CS-F33","2020-04-23","Black_AVP","https://aimp.ru/?do=catalog.download&id=1146","SKIP"
"118","Equinox","2020-03-10","Black_AVP","https://aimp.ru/?do=catalog.download&id=1160","SKIP"
"119","GOM Audio Skin","v1.41","FKF5482","https://aimp.ru/?do=catalog.download&id=1158","SKIP"
"120","Qodux","v3.1","Starkad","https://aimp.ru/?do=catalog.download&id=694","SKIP"
"121","Sony TC-RX80 & Sony TA-N77ES","2020-01-16","Black_AVP","https://aimp.ru/?do=catalog.download&id=830","SKIP"
"122","Onkyo TA-2250 & Onkyo M-5030","2020-01-16","Black_AVP","https://aimp.ru/?do=catalog.download&id=822","SKIP"
"123","Onkyo TA-2066 & Onkyo M-504","2020-01-16","Black_AVP","https://aimp.ru/?do=catalog.download&id=812","SKIP"
"124","Dual C 846 & Dual CV 1460","2020-01-16","Black_AVP","https://aimp.ru/?do=catalog.download&id=764","SKIP"
"125","Akai GX-R60 & Akai AM-U11","2020-01-16","Black_AVP","https://aimp.ru/?do=catalog.download&id=893","SKIP"
"126","Akai GX-F90 & Akai AM-U01","2020-01-16","Black_AVP","https://aimp.ru/?do=catalog.download&id=797","SKIP"
"127","Play Music AIO","v2.1","Andreas Maker","https://aimp.ru/?do=catalog.download&id=1106","SKIP"
"128","7Themes","2020-01-04","Тень","https://aimp.ru/?do=catalog.download&id=1038","SKIP"
"129","Retrix","v2.3","Starkad","https://aimp.ru/?do=catalog.download&id=679","SKIP"
"130","Retrix2","v3.0","Starkad","https://aimp.ru/?do=catalog.download&id=683","SKIP"
"131","RealPlayer SP Plus Series","v2.7","memo-se","https://aimp.ru/?do=catalog.download&id=1102","SKIP"
"132","Windows 8 Colors","v3.8.1","memo-se","https://aimp.ru/?do=catalog.download&id=613","SKIP"
"133","J.River Black on Black","v2.11","memo-se","https://aimp.ru/?do=catalog.download&id=1109","SKIP"
"134","J.R Thunder Storm","v3.13","memo-se","https://aimp.ru/?do=catalog.download&id=1111","SKIP"
"135","Cassette-3D","2019-10-14","Black_AVP","https://aimp.ru/?do=catalog.download&id=1110","SKIP"
"136","AIMP Modern","v3.63","memo-se","https://aimp.ru/?do=catalog.download&id=604","SKIP"
"137","WinPlay Glass","v2.9","memo-se","https://aimp.ru/?do=catalog.download&id=438","SKIP"
"138","Bliss AIO","v2.5","Andreas Maker","https://aimp.ru/?do=catalog.download&id=1108","SKIP"
"139","Glass AIMP","v1.19","memo-se","https://aimp.ru/?do=catalog.download&id=454","SKIP"
"140","WMP 12 Basit Glass","v3.5.11","memo-se","https://aimp.ru/?do=catalog.download&id=605","SKIP"
"141","Musicmatch Jukebox","v3.7","memo-se","https://aimp.ru/?do=catalog.download&id=1101","SKIP"
"142","Kantaris","v2.67","memo-se","https://aimp.ru/?do=catalog.download&id=530","SKIP"
"143","Mirillis Splash x","v3.5","memo-se","https://aimp.ru/?do=catalog.download&id=1078","SKIP"
"144","WZP FusionHD","v3.0","memo-se","https://aimp.ru/?do=catalog.download&id=456","SKIP"
"145","WZP OnyxHD","v3.0","memo-se","https://aimp.ru/?do=catalog.download&id=437","SKIP"
"146","WZP AlbaHD","v3.0","memo-se","https://aimp.ru/?do=catalog.download&id=433","SKIP"
"147","T.D.A. Sound System","v2.0","TurboDISCO Adept","https://aimp.ru/?do=catalog.download&id=1096","SKIP"
"148","Windows Media Player 12 SB","2019-06-14","memo-se","https://aimp.ru/?do=catalog.download&id=1077","SKIP"
"149","Windows Media Player 12 Beta X","2019-06-12","memo-se","https://aimp.ru/?do=catalog.download&id=1076","SKIP"
"150","Windows Media Player 11","2019-06-12","memo-se","https://aimp.ru/?do=catalog.download&id=1075","SKIP"
"151","Windows Media Player 11 Beta","v2","memo-se","https://aimp.ru/?do=catalog.download&id=1068","SKIP"
"152","Windows Media Player 9","2019-06-11","memo-se","https://aimp.ru/?do=catalog.download&id=1073","SKIP"
"153","Windows Media Player 8","2019-06-11","memo-se","https://aimp.ru/?do=catalog.download&id=1071","SKIP"
"154","Windows Media Player 10","2019-06-07","memo-se","https://aimp.ru/?do=catalog.download&id=1074","SKIP"
"155","Technics Audio System","2019-05-06","Black_AVP","https://aimp.ru/?do=catalog.download&id=1047","SKIP"
"156","PipBoy F4","v1.11","Russell","https://aimp.ru/?do=catalog.download&id=1061","SKIP"
"157","MP3 Remix Player","v2.5","memo-se","https://aimp.ru/?do=catalog.download&id=619","SKIP"
"158","Koyna RN","v3.33","samix","https://aimp.ru/?do=catalog.download&id=1040","SKIP"
"159","Office 2016","2019-02-26","laziem","https://aimp.ru/?do=catalog.download&id=1052","SKIP"
"160","VOLET","v1.07","IDimm","https://aimp.ru/?do=catalog.download&id=942","SKIP"
"161","AndroEvolution","v0.94","TeDj","https://aimp.ru/?do=catalog.download&id=1016","SKIP"
"162","Eclipse","v2.4","Arindel","https://aimp.ru/?do=catalog.download&id=393","SKIP"
"163","FLAT|DARK","v2.1.2","w7rus","https://aimp.ru/?do=catalog.download&id=869","SKIP"
"164","Gilly Matt&Glossy","2018-12-28","Zigar","https://aimp.ru/?do=catalog.download&id=591","SKIP"
"165","Matto","v1.4","Helen &#34;Tayola&#34; Schwieger","https://aimp.ru/?do=catalog.download&id=860","SKIP"
"166","Technicss SL-1200","2018-11-08","Black_AVP","https://aimp.ru/?do=catalog.download&id=398","SKIP"
"167","Koyna SM","2018-08-29","samix","https://aimp.ru/?do=catalog.download&id=904","SKIP"
"168","Mei Music Mod","2018-08-22","17hapi","https://aimp.ru/?do=catalog.download&id=912","SKIP"
"169","Mareala2","2018-07-02","amdpastrana","https://aimp.ru/?do=catalog.download&id=993","SKIP"
"170","Vinyl","2018-05-04","BoB Post","https://aimp.ru/?do=catalog.download&id=973","SKIP"
"171","Ecoute 2","2018-02-14","Mery Dev","https://aimp.ru/?do=catalog.download&id=951","SKIP"
"172","Web Player","v1.00","MaxAx","https://aimp.ru/?do=catalog.download&id=815","SKIP"
"173","Euphoria Lux Compact","v3.1.1","Чувак","https://aimp.ru/?do=catalog.download&id=716","SKIP"
"174","Mareala","2017-12-28","amdpastrana","https://aimp.ru/?do=catalog.download&id=940","SKIP"
"175","AIMPshield","v1.003","samix","https://aimp.ru/?do=catalog.download&id=814","SKIP"
"176","FUi Dark","v2.1.2","Vitalik221","https://aimp.ru/?do=catalog.download&id=937","SKIP"
"177","FUi","v2.1.2","Vitalik221","https://aimp.ru/?do=catalog.download&id=896","SKIP"
"178","Akai GX-635D","2017-12-08","Black_AVP","https://aimp.ru/?do=catalog.download&id=399","SKIP"
"179","Protoss","v1.5","Argelius","https://aimp.ru/?do=catalog.download&id=767","SKIP"
"180","Redly","v1.3.1","Aleksandr009","https://aimp.ru/?do=catalog.download&id=868","SKIP"
"181","Redaw","v1.3.1","Aleksandr009","https://aimp.ru/?do=catalog.download&id=845","SKIP"
"182","Alchemy","v1.6","Henrique Oliveira","https://aimp.ru/?do=catalog.download&id=766","SKIP"
"183","Mei Music","2017-10-24","Huixin","https://aimp.ru/?do=catalog.download&id=909","SKIP"
"184","Technics RS-B905","2017-10-06","Black_AVP","https://aimp.ru/?do=catalog.download&id=920","SKIP"
"185","Akai GX-77 Grey","2017-10-03","Black_AVP","https://aimp.ru/?do=catalog.download&id=489","SKIP"
"186","Euphoria Lux Shine","v2.3","Aleksandr009","https://aimp.ru/?do=catalog.download&id=922","SKIP"
"187","Euphoria Lux","v2.3","Aleksandr009","https://aimp.ru/?do=catalog.download&id=917","SKIP"
"188","Tascam 32","2017-10-02","Black_AVP","https://aimp.ru/?do=catalog.download&id=616","SKIP"
"189","Kubeba","v1.1","GreenEyesMan","https://aimp.ru/?do=catalog.download&id=916","SKIP"
"190","Fisher Studio Standard","2017-09-12","Black_AVP","https://aimp.ru/?do=catalog.download&id=833","SKIP"
"191","Astra-205","2017-09-12","Black_AVP","https://aimp.ru/?do=catalog.download&id=907","SKIP"
"192","Unsquareable","v0.4.9","quefcyze","https://aimp.ru/?do=catalog.download&id=915","SKIP"
"193","CD-BOX","2017-08-30","Neon","https://aimp.ru/?do=catalog.download&id=913","SKIP"
"194","Grundig CF 7500","2017-08-18","Black_AVP","https://aimp.ru/?do=catalog.download&id=908","SKIP"
"195","W10","2017-07-12","Ellunare","https://aimp.ru/?do=catalog.download&id=900","SKIP"
"196","Unminable Light","v1.2","quefcyze","https://aimp.ru/?do=catalog.download&id=885","SKIP"
"197","Unminable","v1.2","quefcyze","https://aimp.ru/?do=catalog.download&id=882","SKIP"
"198","Green meadow","v1.0.5","VladShip","https://aimp.ru/?do=catalog.download&id=891","SKIP"
"199","Urania Dark Mod","2017-06-16","nayamabite","https://aimp.ru/?do=catalog.download&id=898","SKIP"
"200","GT","v1.005","samix","https://aimp.ru/?do=catalog.download&id=892","SKIP"
"201","W8 Dark","v3.0","VladShip","https://aimp.ru/?do=catalog.download&id=602","SKIP"
"202","Sony ES-Style Black","2017-04-10","Black_AVP","https://aimp.ru/?do=catalog.download&id=395","SKIP"
"203","KibTech","2.7","kibermanick","https://aimp.ru/?do=catalog.download&id=623","SKIP"
"204","Fraus","v1.1.8","Zigar","https://aimp.ru/?do=catalog.download&id=864","SKIP"
"205","Dreaminess","2017-03-21","Zigar","https://aimp.ru/?do=catalog.download&id=887","SKIP"
"206","SLIDER","2017-03-21","IDimm","https://aimp.ru/?do=catalog.download&id=886","SKIP"
"207","Unfavourable","v1.96","quefcyze","https://aimp.ru/?do=catalog.download&id=881","SKIP"
"208","8-bit","v2.1","samix","https://aimp.ru/?do=catalog.download&id=817","SKIP"
"209","GrooveM2","2017-02-01","amdpastrana","https://aimp.ru/?do=catalog.download&id=875","SKIP"
"210","Metro Color","v1.9","danyBatinF1","https://aimp.ru/?do=catalog.download&id=844","SKIP"
"211","Easiness 2","2017-01-30","VladShip","https://aimp.ru/?do=catalog.download&id=872","SKIP"
"212","Audi","2017-01-26","Black_AVP","https://aimp.ru/?do=catalog.download&id=559","SKIP"
"213","Pulsar","v3.2","samix","https://aimp.ru/?do=catalog.download&id=871","SKIP"
"214","TASCAM CD-RW750","v1.2","Zigar","https://aimp.ru/?do=catalog.download&id=675","SKIP"
"215","Ora Mulih","v2.5","Putra05","https://aimp.ru/?do=catalog.download&id=614","SKIP"
"216","Verter","v2.1","samix","https://aimp.ru/?do=catalog.download&id=859","SKIP"
"217","Himera","v1.1","Starkad","https://aimp.ru/?do=catalog.download&id=851","SKIP"
"218","GrooveM (Black)","2016-11-28","amdpastrana","https://aimp.ru/?do=catalog.download&id=856","SKIP"
"219","GrooveM (Light)","2016-11-21","amdpastrana","https://aimp.ru/?do=catalog.download&id=853","SKIP"
"220","For granny","v2.2","samix","https://aimp.ru/?do=catalog.download&id=848","SKIP"
"221","Koyna B","v2.3","samix","https://aimp.ru/?do=catalog.download&id=850","SKIP"
"222","Unity 2016","v1.3","Aleksandr009","https://aimp.ru/?do=catalog.download&id=790","SKIP"
"223","Kriterya bg","v3.0","samix","https://aimp.ru/?do=catalog.download&id=847","SKIP"
"224","AIMWARE DARK","v1.4","w7rus","https://aimp.ru/?do=catalog.download&id=846","SKIP"
"225","Kriterya","v3.03","samix","https://aimp.ru/?do=catalog.download&id=843","SKIP"
"226","Скиф 310-2с","v1.1","Пупс","https://aimp.ru/?do=catalog.download&id=717","SKIP"
"227","Скиф 310-1с","v1.1","Пупс","https://aimp.ru/?do=catalog.download&id=710","SKIP"
"228","LX-tix","v4.2","Starkad","https://aimp.ru/?do=catalog.download&id=749","SKIP"
"229","TEH","2016-10-13","samix","https://aimp.ru/?do=catalog.download&id=840","SKIP"
"230","Black Onix Two","2016-10-01","Braindefender","https://aimp.ru/?do=catalog.download&id=706","SKIP"
"231","A4 Negative","v0.9.4","ELECTRON!CK","https://aimp.ru/?do=catalog.download&id=839","SKIP"
"232","Koyna","v4.1","samix","https://aimp.ru/?do=catalog.download&id=838","SKIP"
"233","G.O.A.T.","2016-09-20","Aleksandr009","https://aimp.ru/?do=catalog.download&id=835","SKIP"
"234","AIMWARE BETA","v1.4","w7rus","https://aimp.ru/?do=catalog.download&id=806","SKIP"
"235","AIMWARE","v1.4","w7rus","https://aimp.ru/?do=catalog.download&id=803","SKIP"
"236","Black & White","v1.2","danyBatinF1","https://aimp.ru/?do=catalog.download&id=831","SKIP"
"237","Arctur","v5.0","samix","https://aimp.ru/?do=catalog.download&id=829","SKIP"
"238","Arc","v1.3","Aleksandr009","https://aimp.ru/?do=catalog.download&id=826","SKIP"
"239","New.VK","v1.61","danyBatinF1","https://aimp.ru/?do=catalog.download&id=824","SKIP"
"240","Submarine","v2.15","danyBatinF1","https://aimp.ru/?do=catalog.download&id=823","SKIP"
"241","Pandemic All-In-One Simple","v1.71","Tarik","https://aimp.ru/?do=catalog.download&id=187","SKIP"
"242","Pandemic AIO","v1.71","Tarik","https://aimp.ru/?do=catalog.download&id=560","SKIP"
"243","Nakamichi BX Black","2016-06-26","Black_AVP","https://aimp.ru/?do=catalog.download&id=747","SKIP"
"244","Teac V-3RX","2016-06-24","Black_AVP","https://aimp.ru/?do=catalog.download&id=798","SKIP"
"245","RomaNtik Guitar Skin","v1.1","RomaNtik","https://aimp.ru/?do=catalog.download&id=816","SKIP"
"246","DarkM13","v1.2","Maxis","https://aimp.ru/?do=catalog.download&id=813","SKIP"
"247","Infinite","1.2","MaxAx","https://aimp.ru/?do=catalog.download&id=728","SKIP"
"248","W8 Vanilla Two","v1.2.2","Zigar","https://aimp.ru/?do=catalog.download&id=805","SKIP"
"249","Hitachi DA-1000","2016-05-24","Black_AVP","https://aimp.ru/?do=catalog.download&id=631","SKIP"
"250","quark","v1.4","samix","https://aimp.ru/?do=catalog.download&id=810","SKIP"
"251","Half-Life2","v5.0","ludo","https://aimp.ru/?do=catalog.download&id=804","SKIP"
"252","Lost Planet","2016-05-16","ludo","https://aimp.ru/?do=catalog.download&id=809","SKIP"
"253","MNXA","v1.03","samix","https://aimp.ru/?do=catalog.download&id=808","SKIP"
"254","Skif","v1.01","samix","https://aimp.ru/?do=catalog.download&id=807","SKIP"
"255","Luminescence","v2.9","ELECTRON!CK","https://aimp.ru/?do=catalog.download&id=207","SKIP"
"256","ALFA Project","2016-04-30","AngelAG","https://aimp.ru/?do=catalog.download&id=82","SKIP"
"257","3.5&#34;","2016-04-22","AlexF","https://aimp.ru/?do=catalog.download&id=802","SKIP"
"258","Crysis 2 Nanosuite","v2.0","sagitt.67","https://aimp.ru/?do=catalog.download&id=801","SKIP"
"259","Prolux Mini","2016-04-20","Aleksandr009","https://aimp.ru/?do=catalog.download&id=800","SKIP"
"260","MG","v1.1","Aleksandr009","https://aimp.ru/?do=catalog.download&id=796","SKIP"
"261","LW","v2.1","Aleksandr009","https://aimp.ru/?do=catalog.download&id=795","SKIP"
"262","GOM Player Series","v2.00","memo-se","https://aimp.ru/?do=catalog.download&id=794","SKIP"
"263","Style X","2016-04-08","amdpastrana","https://aimp.ru/?do=catalog.download&id=789","SKIP"
"264","Super Black","2016-03-31","d4f_MAC","https://aimp.ru/?do=catalog.download&id=785","SKIP"
"265","REDGRAD","2016-03-29","sergej.kachan.ss","https://aimp.ru/?do=catalog.download&id=784","SKIP"
"266","IpplePlay","v4.0.26","Soolo","https://aimp.ru/?do=catalog.download&id=384","SKIP"
"267","hm_Touch","2016-03-28","flon","https://aimp.ru/?do=catalog.download&id=782","SKIP"
"268","Granatum","2016-03-28","sagitt.67","https://aimp.ru/?do=catalog.download&id=781","SKIP"
"269","Laguna","2016-03-22","sagitt.67","https://aimp.ru/?do=catalog.download&id=777","SKIP"
"270","UrbanStyle","v4.0.5","eugeneknaub","https://aimp.ru/?do=catalog.download&id=269","SKIP"
"271","Vkontakte","v4.0.11","Soolo","https://aimp.ru/?do=catalog.download&id=161","SKIP"
"272","hm_pure_blue","2016-03-16","flon","https://aimp.ru/?do=catalog.download&id=773","SKIP"
"273","Collector&#39;s Terminal","2016-03-15","Hive17","https://aimp.ru/?do=catalog.download&id=772","SKIP"
"274","Red House","2016-03-15","NoHealer","https://aimp.ru/?do=catalog.download&id=771","SKIP"
"275","Bliss Dark SMod","v4.0.19","Soolo","https://aimp.ru/?do=catalog.download&id=735","SKIP"
"276","Яндекс.Музыка","v4.0.5","Soolo","https://aimp.ru/?do=catalog.download&id=648","SKIP"
"277","Mizizi Twiga","v3.0","GreenEyesMan","https://aimp.ru/?do=catalog.download&id=571","SKIP"
"278","Urania","v1.1","Zigar","https://aimp.ru/?do=catalog.download&id=762","SKIP"
"279","Cloudy Dreams","v1.1","NoHealer","https://aimp.ru/?do=catalog.download&id=761","SKIP"
"280","Golden Lady","2016-03-04","NoHealer","https://aimp.ru/?do=catalog.download&id=760","SKIP"
"281","Sony TC-MR2","2016-03-04","Black_AVP","https://aimp.ru/?do=catalog.download&id=758","SKIP"
"282","Will To Live","2016-02-25","Sakhnov","https://aimp.ru/?do=catalog.download&id=751","SKIP"
"283","W8 Light","v2.1","VladShip","https://aimp.ru/?do=catalog.download&id=593","SKIP"
"284","W8 Vanilla","v1.2","Zigar","https://aimp.ru/?do=catalog.download&id=703","SKIP"
"285","Touch Simplistic","v1.2","Alexandrr","https://aimp.ru/?do=catalog.download&id=686","SKIP"
"286","GOM Audio","v7.10","BehemothXxx","https://aimp.ru/?do=catalog.download&id=615","SKIP"
"287","Liada","v1.3","Aleksandr009","https://aimp.ru/?do=catalog.download&id=737","SKIP"
"288","Minimal Gray AIO","v1.1","Tarik","https://aimp.ru/?do=catalog.download&id=252","SKIP"
"289","Tunes","v1.1","Braindefender","https://aimp.ru/?do=catalog.download&id=733","SKIP"
"290","Tristania","v1.5","Tarik","https://aimp.ru/?do=catalog.download&id=282","SKIP"
"291","PipBoy F3","2015-09-08","Russell","https://aimp.ru/?do=catalog.download&id=725","SKIP"
"292","Lotex White","2015-08-26","amdpastrana","https://aimp.ru/?do=catalog.download&id=722","SKIP"
"293","PipBoy FNV","v1.01","Russell","https://aimp.ru/?do=catalog.download&id=719","SKIP"
"294","Lotex","2015-07-30","amdpastrana","https://aimp.ru/?do=catalog.download&id=714","SKIP"
"295","eX-Black","v1.54","Braindefender","https://aimp.ru/?do=catalog.download&id=713","SKIP"
"296","Siren","2015-07-27","MaxAx","https://aimp.ru/?do=catalog.download&id=712","SKIP"
"297","Gilly AIO M&G Dark","2015-07-18","Zigar","https://aimp.ru/?do=catalog.download&id=711","SKIP"
"298","Zero","2015-07-07","MaxAx","https://aimp.ru/?do=catalog.download&id=704","SKIP"
"299","MMD3","v2.5","memo-se","https://aimp.ru/?do=catalog.download&id=678","SKIP"
"300","Sambakati","2015-06-01","amdpastrana","https://aimp.ru/?do=catalog.download&id=689","SKIP"
"301","Revoluted","2015-06-01","Henrique Oliveira","https://aimp.ru/?do=catalog.download&id=688","SKIP"
"302","MMD3 Rainbow Version","v2","SergiyAmator","https://aimp.ru/?do=catalog.download&id=666","SKIP"
"303","Kangean","v4.3","amdpastrana","https://aimp.ru/?do=catalog.download&id=680","SKIP"
"304","Sento Dark Elegance","v1.1","Zigar","https://aimp.ru/?do=catalog.download&id=684","SKIP"
"305","4X All-in-One","2015-05-19","Henrique Oliveira","https://aimp.ru/?do=catalog.download&id=682","SKIP"
"306","KibTech 2.5 White","2015-05-18","kibermanick","https://aimp.ru/?do=catalog.download&id=635","SKIP"
"307","MMD3 Black Version","v2.0","SergiyAmator","https://aimp.ru/?do=catalog.download&id=660","SKIP"
"308","4X","2015-04-29","Henrique Oliveira","https://aimp.ru/?do=catalog.download&id=673","SKIP"
"309","AIMP PotPlayer","v3.0","BehemothXxx","https://aimp.ru/?do=catalog.download&id=607","SKIP"
"310","Ace of Hz","v1.1","electro","https://aimp.ru/?do=catalog.download&id=676","SKIP"
"311","Element","3.0","Henrique Oliveira","https://aimp.ru/?do=catalog.download&id=377","SKIP"
"312","Black Box","v3.1","kibermanick","https://aimp.ru/?do=catalog.download&id=537","SKIP"
"313","Nott","v1.1","Zigar","https://aimp.ru/?do=catalog.download&id=649","SKIP"
"314","MediaTower","v3.6.4","Soolo","https://aimp.ru/?do=catalog.download&id=651","SKIP"
"315","AIMP Cassette","2015-03-02","Black_AVP","https://aimp.ru/?do=catalog.download&id=650","SKIP"
"316","Gravity","v2.1","Raider01","https://aimp.ru/?do=catalog.download&id=217","SKIP"
"317","Dark Blocks","v1.2.3","ZeoN7","https://aimp.ru/?do=catalog.download&id=333","SKIP"
"318","Trident 4","2015-01-16","drunkentigerijk","https://aimp.ru/?do=catalog.download&id=634","SKIP"
"319","CyberLink PowerPlayer","v2.00","memo-se","https://aimp.ru/?do=catalog.download&id=594","SKIP"
"320","nim","2015-01-12","eisanka","https://aimp.ru/?do=catalog.download&id=633","SKIP"
"321","BlackBoxMod","v2","BehemothXxx","https://aimp.ru/?do=catalog.download&id=632","SKIP"
"322","Electro","v1.1","electro","https://aimp.ru/?do=catalog.download&id=609","SKIP"
"323","Kvadro Dark","2015-01-08","AAOOOMM","https://aimp.ru/?do=catalog.download&id=629","SKIP"
"324","Kvadro Light","v1.3","AAOOOMM","https://aimp.ru/?do=catalog.download&id=574","SKIP"
"325","BLACK ONIX","2015-01-08","Braindefender","https://aimp.ru/?do=catalog.download&id=588","SKIP"
"326","Senta22","v1.4","Acronis","https://aimp.ru/?do=catalog.download&id=363","SKIP"
"327","Fantasy-2","2014-12-30","Black_AVP","https://aimp.ru/?do=catalog.download&id=628","SKIP"
"328","X-Metal","v2.9","VladShip","https://aimp.ru/?do=catalog.download&id=357","SKIP"
"329","SKUMFUK3","2014-12-16","Arthur «d1sapp3ar» Habirov","https://aimp.ru/?do=catalog.download&id=612","SKIP"
"330","Chromotherapy","2014-12-11","Henrique Oliveira","https://aimp.ru/?do=catalog.download&id=626","SKIP"
"331","Step","2014-12-11","-=Lee=-","https://aimp.ru/?do=catalog.download&id=625","SKIP"
"332","Moocie","v1.6.2","kestiq","https://aimp.ru/?do=catalog.download&id=624","SKIP"
"333","Trident","v3.1.4","drunkentigerijk","https://aimp.ru/?do=catalog.download&id=621","SKIP"
"334","Albedo","2014-11-05","-=Lee=-","https://aimp.ru/?do=catalog.download&id=620","SKIP"
"335","Tascam 32 Lite","2014-11-05","Black_AVP","https://aimp.ru/?do=catalog.download&id=617","SKIP"
"336","Tascam CD-RW2000","2014-10-13","Black_AVP","https://aimp.ru/?do=catalog.download&id=610","SKIP"
"337","Teac Audio System","2014-10-04","Black_AVP","https://aimp.ru/?do=catalog.download&id=606","SKIP"
"338","WiMo","v1.1","ZeoN7","https://aimp.ru/?do=catalog.download&id=608","SKIP"
"339","AIMP Bento","v2.1","memo-se","https://aimp.ru/?do=catalog.download&id=603","SKIP"
"340","Mega Light 2","2014-09-18","ZeoN7","https://aimp.ru/?do=catalog.download&id=601","SKIP"
"341","Mutter","2014-09-18","ser3ga","https://aimp.ru/?do=catalog.download&id=600","SKIP"
"342","Idol Dark","2014-09-18","ZeoN7","https://aimp.ru/?do=catalog.download&id=599","SKIP"
"343","Teac CD-RW890","2014-09-18","Black_AVP","https://aimp.ru/?do=catalog.download&id=598","SKIP"
"344","Idol Light","2014-09-15","ZeoN7","https://aimp.ru/?do=catalog.download&id=597","SKIP"
"345","Shine","v1.3","massman","https://aimp.ru/?do=catalog.download&id=582","SKIP"
"346","Neon Light","2.1","Black_AVP","https://aimp.ru/?do=catalog.download&id=590","SKIP"
"347","Euphoria Reborn Flat","2014-08-14","DesweR","https://aimp.ru/?do=catalog.download&id=586","SKIP"
"348","Gilly AIO","2014-08-08","Zigar","https://aimp.ru/?do=catalog.download&id=585","SKIP"
"349","Gilly","v1.3","Zigar","https://aimp.ru/?do=catalog.download&id=580","SKIP"
"350","Snow Pie","v1.02","Arindel","https://aimp.ru/?do=catalog.download&id=579","SKIP"
"351","Google Play Music","2014-07-24","gbox","https://aimp.ru/?do=catalog.download&id=576","SKIP"
"352","Siveria","v1.2","San4o","https://aimp.ru/?do=catalog.download&id=93","SKIP"
"353","Obsidian AIO","v1.3","Zigar","https://aimp.ru/?do=catalog.download&id=566","SKIP"
"354","Night-Light","2014-05-28","Braindefender","https://aimp.ru/?do=catalog.download&id=565","SKIP"
"355","Obscuro","v1.7","kestiq","https://aimp.ru/?do=catalog.download&id=569","SKIP"
"356","Gray Cover AIO","v3.0","BehemothXxx","https://aimp.ru/?do=catalog.download&id=570","SKIP"
"357","Zelon","2014-05-20","-=Lee=-","https://aimp.ru/?do=catalog.download&id=568","SKIP"
"358","Magmatic 2","v1.5","Zigar","https://aimp.ru/?do=catalog.download&id=188","SKIP"
"359","Andro","v1.56","TeDj","https://aimp.ru/?do=catalog.download&id=545","SKIP"
"360","Zave","2014-04-17","ScrollUnLock","https://aimp.ru/?do=catalog.download&id=562","SKIP"
"361","Quiny","v1.1","Aleksandr009","https://aimp.ru/?do=catalog.download&id=450","SKIP"
"362","Ryze","v1.0.3","ScrollUnLock","https://aimp.ru/?do=catalog.download&id=406","SKIP"
"363","Sony TC-FX7","2014-04-11","Black_AVP","https://aimp.ru/?do=catalog.download&id=561","SKIP"
"364","Technophilia","2014-03-17","Victor Sanz","https://aimp.ru/?do=catalog.download&id=557","SKIP"
"365","Denon DR-F8","2014-03-11","Black_AVP","https://aimp.ru/?do=catalog.download&id=556","SKIP"
"366","Black sea wave","2014-03-07","Marat_S","https://aimp.ru/?do=catalog.download&id=555","SKIP"
"367","Radial AIO","2014-03-07","NikolavRj","https://aimp.ru/?do=catalog.download&id=554","SKIP"
"368","SKUMFUK2","2014-03-05","Arthur «d1sapp3ar» Habirov","https://aimp.ru/?do=catalog.download&id=553","SKIP"
"369","gromfrom","2014-03-05","Banned","https://aimp.ru/?do=catalog.download&id=552","SKIP"
"370","Raven","2014-02-28","Zigar","https://aimp.ru/?do=catalog.download&id=551","SKIP"
"371","Quiant","2014-02-28","NikolavRj","https://aimp.ru/?do=catalog.download&id=550","SKIP"
"372","Sea wave","2014-02-28","Marat_S","https://aimp.ru/?do=catalog.download&id=549","SKIP"
"373","Aero Style","2014-02-26","vid50","https://aimp.ru/?do=catalog.download&id=548","SKIP"
"374","Silver grey","2014-02-26","Marat_S","https://aimp.ru/?do=catalog.download&id=547","SKIP"
"375","Ellipse Gentator","2014-02-25","sagitt.67","https://aimp.ru/?do=catalog.download&id=546","SKIP"
"376","SAO","2014-02-14","AlexF","https://aimp.ru/?do=catalog.download&id=542","SKIP"
"377","NewWave Puzzle","2014-02-13","sergej.kachan.ss","https://aimp.ru/?do=catalog.download&id=541","SKIP"
"378","Aiwa AD-M700","2014-02-12","Black_AVP","https://aimp.ru/?do=catalog.download&id=539","SKIP"
"379","Cloud","v1.4","Kadae","https://aimp.ru/?do=catalog.download&id=538","SKIP"
"380","Glossy Plastic","2014-02-12","sagitt.67","https://aimp.ru/?do=catalog.download&id=523","SKIP"
"381","Reflex","v2.4","Sergio7786","https://aimp.ru/?do=catalog.download&id=536","SKIP"
"382","Kibtech skin AIO","2014-02-10","kibermanick","https://aimp.ru/?do=catalog.download&id=535","SKIP"
"383","Metalik Glass (Dark)","v1.04","Banned","https://aimp.ru/?do=catalog.download&id=534","SKIP"
"384","Metalik Glass (Light)","v1.04","Banned","https://aimp.ru/?do=catalog.download&id=533","SKIP"
"385","Plate All-In-One","2014-02-07","Zhenya","https://aimp.ru/?do=catalog.download&id=532","SKIP"
"386","Mac OS X Style","2014-02-07","sagitt.67","https://aimp.ru/?do=catalog.download&id=531","SKIP"
"387","OREN","2014-02-06","creative5","https://aimp.ru/?do=catalog.download&id=529","SKIP"
"388","BezImeni1","v1.04","Banned","https://aimp.ru/?do=catalog.download&id=528","SKIP"
"389","Dark tone","2014-02-05","phoenix-i","https://aimp.ru/?do=catalog.download&id=527","SKIP"
"390","Splash Ex","v1.1","memo-se","https://aimp.ru/?do=catalog.download&id=526","SKIP"
"391","Techno MGN","2014-02-05","sagitt.67","https://aimp.ru/?do=catalog.download&id=525","SKIP"
"392","Eve in Red","v1.2","smokerrr86","https://aimp.ru/?do=catalog.download&id=340","SKIP"
"393","Eve in Blue","v1.2","smokerrr86","https://aimp.ru/?do=catalog.download&id=339","SKIP"
"394","NextGen 7","2014-01-30","holyshit&#39;man","https://aimp.ru/?do=catalog.download&id=524","SKIP"
"395","Xz","v1.2","varlesh","https://aimp.ru/?do=catalog.download&id=522","SKIP"
"396","ESET NOD32","2014-01-29","sagitt.67","https://aimp.ru/?do=catalog.download&id=521","SKIP"
"397","Nefarious","2014-01-29","nofx1994","https://aimp.ru/?do=catalog.download&id=520","SKIP"
"398","GREEX","v2.0","HyperOne","https://aimp.ru/?do=catalog.download&id=519","SKIP"
"399","Sprout Black","v1.2","Dead","https://aimp.ru/?do=catalog.download&id=518","SKIP"
"400","Sprout Light","v1.2","Dead","https://aimp.ru/?do=catalog.download&id=517","SKIP"
"401","Placebo","2014-01-24","phoenix-i","https://aimp.ru/?do=catalog.download&id=516","SKIP"
"402","Prolux Gray","2014-01-24","Aleksandr009","https://aimp.ru/?do=catalog.download&id=515","SKIP"
"403","Mock Up","2014-01-23","Your Creations","https://aimp.ru/?do=catalog.download&id=514","SKIP"
"404","Kass","2014-01-23","Your Creations","https://aimp.ru/?do=catalog.download&id=513","SKIP"
"405","Kenwood KX-800","2014-01-22","Black_AVP","https://aimp.ru/?do=catalog.download&id=511","SKIP"
"406","Plastic","2014-01-21","NikolavRj","https://aimp.ru/?do=catalog.download&id=510","SKIP"
"407","Red MMC","2014-01-21","NikolavRj","https://aimp.ru/?do=catalog.download&id=509","SKIP"
"408","Skumfuk","v1.4","Arthur «d1sapp3ar» Habirov","https://aimp.ru/?do=catalog.download&id=508","SKIP"
"409","Mac OS Style Mod","2014-01-20","sagitt.67","https://aimp.ru/?do=catalog.download&id=507","SKIP"
"410","Flight","2014-01-20","phoenix-i","https://aimp.ru/?do=catalog.download&id=506","SKIP"
"411","s-Lime","2014-01-20","KrolliK","https://aimp.ru/?do=catalog.download&id=505","SKIP"
"412","Minimal","v1.5","ruSS","https://aimp.ru/?do=catalog.download&id=504","SKIP"
"413","Minimal Colorize","v1.2","ruSS","https://aimp.ru/?do=catalog.download&id=503","SKIP"
"414","Frost","v1.1","Houdini","https://aimp.ru/?do=catalog.download&id=502","SKIP"
"415","Metro X","2014-01-10","Your Creations","https://aimp.ru/?do=catalog.download&id=501","SKIP"
"416","Windows Explorer Aero Style","2014-01-10","Hayo Tee (aka HX722)","https://aimp.ru/?do=catalog.download&id=499","SKIP"
"417","Dekor Blue","2013-12-30","varlesh","https://aimp.ru/?do=catalog.download&id=497","SKIP"
"418","Skin Metall","2013-12-30","Demcha","https://aimp.ru/?do=catalog.download&id=496","SKIP"
"419","Big City Night","2013-12-27","Pro.Grammer","https://aimp.ru/?do=catalog.download&id=495","SKIP"
"420","Light Out","v1.0.4","Aggro","https://aimp.ru/?do=catalog.download&id=494","SKIP"
"421","Radial Mini","2013-12-27","NikolavRj","https://aimp.ru/?do=catalog.download&id=493","SKIP"
"422","Radiance Z","2013-12-25","ZeoN7","https://aimp.ru/?do=catalog.download&id=492","SKIP"
"423","TRUSKO Skin","2013-12-25","t_RUS_ko","https://aimp.ru/?do=catalog.download&id=491","SKIP"
"424","Silica","v1.1","Phyksar","https://aimp.ru/?do=catalog.download&id=490","SKIP"
"425","Akai GX-77 Black","2013-12-24","Black_AVP","https://aimp.ru/?do=catalog.download&id=488","SKIP"
"426","Akai GX-77","2013-12-24","Black_AVP","https://aimp.ru/?do=catalog.download&id=487","SKIP"
"427","iEMS","2013-12-23","Banned","https://aimp.ru/?do=catalog.download&id=486","SKIP"
"428","Sedoo","2013-12-23","marcino-mk","https://aimp.ru/?do=catalog.download&id=485","SKIP"
"429","CMD","v1.2","MPman","https://aimp.ru/?do=catalog.download&id=484","SKIP"
"430","AiMP Steam","2013-12-20","l4ko","https://aimp.ru/?do=catalog.download&id=483","SKIP"
"431","Slim","2013-12-20","Dead","https://aimp.ru/?do=catalog.download&id=482","SKIP"
"432","Black & Neon","v1.1","sagitt.67","https://aimp.ru/?do=catalog.download&id=481","SKIP"
"433","Skumfuk","v1.3","Arthur «d1sapp3ar» Habirov","https://aimp.ru/?do=catalog.download&id=480","SKIP"
"434","Desktop Player","2013-12-19","NikolavRj","https://aimp.ru/?do=catalog.download&id=479","SKIP"
"435","Radiance 2","2013-12-19","ZeoN7","https://aimp.ru/?do=catalog.download&id=478","SKIP"
"436","Nakamichi BX","2013-12-18","Black_AVP","https://aimp.ru/?do=catalog.download&id=477","SKIP"
"437","p.l.a.y.e.r.","2013-12-18","redkhmear","https://aimp.ru/?do=catalog.download&id=476","SKIP"
"438","Nova","2013-12-17","Demcha","https://aimp.ru/?do=catalog.download&id=475","SKIP"
"439","Synthetic RMX","2013-12-17","AngelAG","https://aimp.ru/?do=catalog.download&id=474","SKIP"
"440","Violet Calm","2013-12-17","AV-S","https://aimp.ru/?do=catalog.download&id=473","SKIP"
"441","Anime Gold","2013-12-16","AztekLORD","https://aimp.ru/?do=catalog.download&id=471","SKIP"
"442","Tango V 3","2013-12-16","vicing","https://aimp.ru/?do=catalog.download&id=470","SKIP"
"443","Black Glass V","2013-12-16","Virys90","https://aimp.ru/?do=catalog.download&id=469","SKIP"
"444","Tunes","1.3","Braindefender","https://aimp.ru/?do=catalog.download&id=466","SKIP"
"445","DerBolt","2013-12-13","Grin","https://aimp.ru/?do=catalog.download&id=468","SKIP"
"446","Replete","v2.11","alexxei_ill","https://aimp.ru/?do=catalog.download&id=467","SKIP"
"447","Tinki","2013-12-11","varlesh","https://aimp.ru/?do=catalog.download&id=465","SKIP"
"448","Easiness","2013-12-11","VladShip","https://aimp.ru/?do=catalog.download&id=464","SKIP"
"449","Flame","v2.3","ELECTRON!CK","https://aimp.ru/?do=catalog.download&id=463","SKIP"
"450","4CarPC","v1.1","dundel","https://aimp.ru/?do=catalog.download&id=462","SKIP"
"451","Euphoria Vertiсal Tabs","v3.2","Я Гриша!","https://aimp.ru/?do=catalog.download&id=461","SKIP"
"452","MI-SK Blue","2013-12-04","Zigar","https://aimp.ru/?do=catalog.download&id=460","SKIP"
"453","MI-SK Gray","2013-12-04","Zigar","https://aimp.ru/?do=catalog.download&id=459","SKIP"
"454","MI-SK","2013-12-04","Zigar","https://aimp.ru/?do=catalog.download&id=458","SKIP"
"455","iMac Dark Mod","2013-12-03","Liberty","https://aimp.ru/?do=catalog.download&id=457","SKIP"
"456","ALFA Evolution","2013-11-28","AngelAG","https://aimp.ru/?do=catalog.download&id=455","SKIP"
"457","Magmatic","2013-11-28","Zigar","https://aimp.ru/?do=catalog.download&id=453","SKIP"
"458","JD Vifaru","2013-11-19","GreenEyesMan","https://aimp.ru/?do=catalog.download&id=452","SKIP"
"459","Elabore","2013-11-19","Aleksandr009","https://aimp.ru/?do=catalog.download&id=451","SKIP"
"460","Prolux Revolution","2013-11-15","Aleksandr009","https://aimp.ru/?do=catalog.download&id=449","SKIP"
"461","Slaem","2013-11-15","Demcha","https://aimp.ru/?do=catalog.download&id=448","SKIP"
"462","QMP 5 AIO","2013-11-14","memo-se","https://aimp.ru/?do=catalog.download&id=447","SKIP"
"463","QMP 5","2013-11-14","memo-se","https://aimp.ru/?do=catalog.download&id=446","SKIP"
"464","Darlue","2013-11-13","McZloy","https://aimp.ru/?do=catalog.download&id=445","SKIP"
"465","Pirate","2013-11-13","McZloy","https://aimp.ru/?do=catalog.download&id=444","SKIP"
"466","P-05-12","2013-11-13","Banned","https://aimp.ru/?do=catalog.download&id=443","SKIP"
"467","Prable","2013-11-12","Aleksandr009","https://aimp.ru/?do=catalog.download&id=442","SKIP"
"468","Anime Gold VI","2013-11-12","AztekLORD","https://aimp.ru/?do=catalog.download&id=441","SKIP"
"469","Luminescence","2013-11-12","ELECTRON!CK","https://aimp.ru/?do=catalog.download&id=440","SKIP"
"470","XDJ II","2013-11-08","Hayo Tee (aka HX722)","https://aimp.ru/?do=catalog.download&id=439","SKIP"
"471","WMP Series","2013-11-07","memo-se","https://aimp.ru/?do=catalog.download&id=436","SKIP"
"472","Jango","2013-11-07","SBro","https://aimp.ru/?do=catalog.download&id=435","SKIP"
"473","iTunes [Simple Version]","2013-11-06","Banned","https://aimp.ru/?do=catalog.download&id=434","SKIP"
"474","Untitled","2013-11-01","RaDMaN","https://aimp.ru/?do=catalog.download&id=432","SKIP"
"475","Splash Lite","2013-11-01","memo-se","https://aimp.ru/?do=catalog.download&id=431","SKIP"
"476","QQPlayer blue","2013-11-01","Nim Swen","https://aimp.ru/?do=catalog.download&id=430","SKIP"
"477","YacobyMac","2013-10-31","Marat_S","https://aimp.ru/?do=catalog.download&id=429","SKIP"
"478","YacobyMac light","2013-10-31","Marat_S","https://aimp.ru/?do=catalog.download&id=428","SKIP"
"479","YacobyMac Light (Decor)","2013-10-31","Marat_S","https://aimp.ru/?do=catalog.download&id=427","SKIP"
"480","Plate","v2","Zhenya","https://aimp.ru/?do=catalog.download&id=426","SKIP"
"481","Helios","v1.1","Zigar","https://aimp.ru/?do=catalog.download&id=335","SKIP"
"482","NVIDIA","2013-10-30","sagitt.67","https://aimp.ru/?do=catalog.download&id=425","SKIP"
"483","Waingro","2013-10-30","Kondakov Andrey","https://aimp.ru/?do=catalog.download&id=424","SKIP"
"484","BlackBlue Style","2013-10-30","Nikitko_Cent","https://aimp.ru/?do=catalog.download&id=423","SKIP"
"485","Hameleon AIO","2013-10-29","NITROGEN","https://aimp.ru/?do=catalog.download&id=422","SKIP"
"486","Drawn on paper","2013-10-29","le_ad","https://aimp.ru/?do=catalog.download&id=421","SKIP"
"487","iTunes 10","2013-10-29","Alekz","https://aimp.ru/?do=catalog.download&id=420","SKIP"
"488","Terminal","2013-10-25","nazar-shum","https://aimp.ru/?do=catalog.download&id=419","SKIP"
"489","Futura","2013-10-25","phoenix-i","https://aimp.ru/?do=catalog.download&id=418","SKIP"
"490","Pure Black","v1.1","Alekz","https://aimp.ru/?do=catalog.download&id=416","SKIP"
"491","Pure Metallic","v1.1","Alekz","https://aimp.ru/?do=catalog.download&id=415","SKIP"
"492","Windows 7","2013-10-24","Tenek","https://aimp.ru/?do=catalog.download&id=414","SKIP"
"493","Grayfield","2013-10-22","Arthur «d1sapp3ar» Habirov","https://aimp.ru/?do=catalog.download&id=413","SKIP"
"494","Polymeric Sunrise","2013-10-22","Nordschamane","https://aimp.ru/?do=catalog.download&id=412","SKIP"
"495","Rubin","v1.2","Demcha","https://aimp.ru/?do=catalog.download&id=411","SKIP"
"496","Mega Dark","2013-10-21","ZeoN7","https://aimp.ru/?do=catalog.download&id=410","SKIP"
"497","Platitude","2013-10-21","kestiq","https://aimp.ru/?do=catalog.download&id=409","SKIP"
"498","Metro","v1.6","jaredi","https://aimp.ru/?do=catalog.download&id=408","SKIP"
"499","Grace","2013-10-18","SBro","https://aimp.ru/?do=catalog.download&id=407","SKIP"
"500","MI-SK (Black&White)","2013-10-18","Zigar","https://aimp.ru/?do=catalog.download&id=405","SKIP"
"501","Black Glass","2013-10-18","Vitalik221","https://aimp.ru/?do=catalog.download&id=404","SKIP"
"502","Bloom - Full Moon","2013-10-16","Arindel","https://aimp.ru/?do=catalog.download&id=403","SKIP"
"503","Bloom - Daylight","2013-10-16","Arindel","https://aimp.ru/?do=catalog.download&id=402","SKIP"
"504","Bloom","2013-10-16","Arindel","https://aimp.ru/?do=catalog.download&id=401","SKIP"
"505","Akai GX-F90","2013-10-16","Black_AVP","https://aimp.ru/?do=catalog.download&id=400","SKIP"
"506","iMac","2013-10-11","John Éshan","https://aimp.ru/?do=catalog.download&id=397","SKIP"
"507","Sony ES-Style Silver","2013-10-11","Black_AVP","https://aimp.ru/?do=catalog.download&id=396","SKIP"
"508","Mega Light","v1.1","ZeoN7","https://aimp.ru/?do=catalog.download&id=394","SKIP"
"509","Metro Evolution","2013-10-10","bro","https://aimp.ru/?do=catalog.download&id=392","SKIP"
"510","Metro Touch","2013-10-10","jaredi","https://aimp.ru/?do=catalog.download&id=391","SKIP"
"511","Loreen","2013-10-04","Hayo Tee (aka HX722)","https://aimp.ru/?do=catalog.download&id=387","SKIP"
"512","hm_fullHD","2013-10-04","flon","https://aimp.ru/?do=catalog.download&id=386","SKIP"
"513","DS","v1.1","ZeoN7","https://aimp.ru/?do=catalog.download&id=385","SKIP"
"514","ClassicStyle","v3.5.16","Soolo","https://aimp.ru/?do=catalog.download&id=157","SKIP"
"515","JB","v1.1","ZeoN7","https://aimp.ru/?do=catalog.download&id=383","SKIP"
"516","Sophie","v1.2","Hayo Tee (aka HX722)","https://aimp.ru/?do=catalog.download&id=364","SKIP"
"517","BBM (Black Box Music)","2013-10-01","Incarnia","https://aimp.ru/?do=catalog.download&id=382","SKIP"
"518","hm_Sapphire & hm_Pure_Display","2013-09-23","flon","https://aimp.ru/?do=catalog.download&id=381","SKIP"
"519","Touch50px","2013-09-10","ZeoN7","https://aimp.ru/?do=catalog.download&id=379","SKIP"
"520","hm_blue_Steal","2013-09-10","flon","https://aimp.ru/?do=catalog.download&id=378","SKIP"
"521","Metro 3/0.8","2013-09-05","D_DeYneko","https://aimp.ru/?do=catalog.download&id=376","SKIP"
"522","New Minimal Gray","2013-09-04","NikolavRj","https://aimp.ru/?do=catalog.download&id=375","SKIP"
"523","Paline","v1.5.1","kestiq","https://aimp.ru/?do=catalog.download&id=374","SKIP"
"524","Splash","v2","Мишуа","https://aimp.ru/?do=catalog.download&id=373","SKIP"
"525","Nesu Mulih","v2.69","Putra05","https://aimp.ru/?do=catalog.download&id=372","SKIP"
"526","ICS","2013-09-02","ZeoN7","https://aimp.ru/?do=catalog.download&id=371","SKIP"
"527","DOT","2013-09-02","ZeoN7","https://aimp.ru/?do=catalog.download&id=370","SKIP"
"528","Arcadelt AIO","v1.3","Hayo Tee (aka HX722)","https://aimp.ru/?do=catalog.download&id=369","SKIP"
"529","LP","2013-08-20","Loran","https://aimp.ru/?do=catalog.download&id=368","SKIP"
"530","Phantom DJ 1000","v1.4.4","Hayo Tee (aka HX722)","https://aimp.ru/?do=catalog.download&id=367","SKIP"
"531","Prestige","2013-07-30","Hawk","https://aimp.ru/?do=catalog.download&id=366","SKIP"
"532","ZiX","v3.6","Raider01","https://aimp.ru/?do=catalog.download&id=233","SKIP"
"533","Xion Default Skin","2013-07-24","Hayo Tee (aka HX722)","https://aimp.ru/?do=catalog.download&id=365","SKIP"
"534","Mere","v1.3","ScrollUnLock","https://aimp.ru/?do=catalog.download&id=362","SKIP"
"535","Heart&#39;s Desire","v1.2","Arindel","https://aimp.ru/?do=catalog.download&id=361","SKIP"
"536","Vkmini","v3.5.3","Soolo","https://aimp.ru/?do=catalog.download&id=360","SKIP"
"537","Ganster","v1.1","Zigar","https://aimp.ru/?do=catalog.download&id=359","SKIP"
"538","AyonPlayerBlack","v1.0.5","Hayo Tee (aka HX722)","https://aimp.ru/?do=catalog.download&id=356","SKIP"
"539","NGuvu AIO","v2.01","ScrollUnLock","https://aimp.ru/?do=catalog.download&id=355","SKIP"
"540","NGuvu AIO (Vert.Tabs)","v2.01","ScrollUnLock","https://aimp.ru/?do=catalog.download&id=354","SKIP"
"541","NGuvu (Horz.Tabs Layout)","v2.2","ScrollUnLock","https://aimp.ru/?do=catalog.download&id=353","SKIP"
"542","NGuvu (Vert.Tabs Layout)","v2.2","ScrollUnLock","https://aimp.ru/?do=catalog.download&id=352","SKIP"
"543","Aurorae","v1.6","FEI","https://aimp.ru/?do=catalog.download&id=351","SKIP"
"544","Perfect! (Horiz. tabs layout)","2013-03-19","Hayo Tee (aka HX722)","https://aimp.ru/?do=catalog.download&id=350","SKIP"
"545","Perfect! (Vertical tabs layout)","2013-03-19","Hayo Tee (aka HX722)","https://aimp.ru/?do=catalog.download&id=349","SKIP"
"546","Vega","v1.01","Prince","https://aimp.ru/?do=catalog.download&id=348","SKIP"
"547","SaDI","2013-03-04","Kondakov Andrey","https://aimp.ru/?do=catalog.download&id=347","SKIP"
"548","Laplaing","2013-03-04","Demcha","https://aimp.ru/?do=catalog.download&id=346","SKIP"
"549","A-Graph","2013-03-04","D.D.Konstantinov","https://aimp.ru/?do=catalog.download&id=345","SKIP"
"550","Amazonite (with run string)","2012-11-01","Zhenya","https://aimp.ru/?do=catalog.download&id=342","SKIP"
"551","Amazonite","2012-11-01","Zhenya","https://aimp.ru/?do=catalog.download&id=341","SKIP"
"552","Saturn","2012-10-29","creative5","https://aimp.ru/?do=catalog.download&id=336","SKIP"
"553","Windows 8 Media Player","2012-10-26","ZeoN7","https://aimp.ru/?do=catalog.download&id=334","SKIP"
"554","Origami","2012-10-25","Arindel","https://aimp.ru/?do=catalog.download&id=331","SKIP"
"555","CLN White","2012-10-24","Alekz","https://aimp.ru/?do=catalog.download&id=330","SKIP"
"556","MESS","v1.1","ZeoN7","https://aimp.ru/?do=catalog.download&id=329","SKIP"
"557","Ostrayx","2012-10-23","Demcha","https://aimp.ru/?do=catalog.download&id=327","SKIP"
"558","Aurora White","2012-10-23","NikolavRj","https://aimp.ru/?do=catalog.download&id=326","SKIP"
"559","Aurora","2012-10-23","NikolavRj","https://aimp.ru/?do=catalog.download&id=325","SKIP"
"560","beats by dr. dre","v1.1","ZeoN7","https://aimp.ru/?do=catalog.download&id=324","SKIP"
"561","Web Light","1.0.1","orishaka","https://aimp.ru/?do=catalog.download&id=323","SKIP"
"562","Purity","2012-10-22","ZeoN7","https://aimp.ru/?do=catalog.download&id=322","SKIP"
"563","Comfortable New","v1.8","Kolbasko","https://aimp.ru/?do=catalog.download&id=198","SKIP"
"564","Cute","v1.2","Wispik","https://aimp.ru/?do=catalog.download&id=290","SKIP"
"565","Tron Laser","2012-08-17","trancepx","https://aimp.ru/?do=catalog.download&id=319","SKIP"
"566","Zeon","V2","-=Lee=-","https://aimp.ru/?do=catalog.download&id=318","SKIP"
"567","Zeon RLC","V2","-=Lee=-","https://aimp.ru/?do=catalog.download&id=317","SKIP"
"568","Aliens","v2.1","Alexey Chistov","https://aimp.ru/?do=catalog.download&id=299","SKIP"
"569","Tiesto","v1.1","-=Lee=-","https://aimp.ru/?do=catalog.download&id=316","SKIP"
"570","T-Black NRJ SeReG@","2012-06-21","SeReG@","https://aimp.ru/?do=catalog.download&id=315","SKIP"
"571","T-Black NRJ MOD SeReG@","2012-06-21","SeReG@","https://aimp.ru/?do=catalog.download&id=314","SKIP"
"572","T-Black NRJ ExeLord","v1.0.1","ExeLord","https://aimp.ru/?do=catalog.download&id=313","SKIP"
"573","Pure White","v1.2","Alekz","https://aimp.ru/?do=catalog.download&id=312","SKIP"
"574","Black Mini","v1.1","SeReG@","https://aimp.ru/?do=catalog.download&id=311","SKIP"
"575","Alice","v1.1","Zhenya","https://aimp.ru/?do=catalog.download&id=310","SKIP"
"576","Alice (Clean)","v1.1","Zhenya","https://aimp.ru/?do=catalog.download&id=309","SKIP"
"577","A simple series","v1.5","SeReG@","https://aimp.ru/?do=catalog.download&id=222","SKIP"
"578","Sunrise","2012-05-18","NikolavRj","https://aimp.ru/?do=catalog.download&id=308","SKIP"
"579","Eternity","2012-05-18","AngelAG","https://aimp.ru/?do=catalog.download&id=307","SKIP"
"580","Dark Wood (Visual Edition)","v1.3","shox","https://aimp.ru/?do=catalog.download&id=306","SKIP"
"581","Dark Wood (Spectrum Edition","v1.3","shox","https://aimp.ru/?do=catalog.download&id=305","SKIP"
"582","ARMY","2012-05-05","sagitt.67","https://aimp.ru/?do=catalog.download&id=300","SKIP"
"583","Black Glass","v3.1","San4o","https://aimp.ru/?do=catalog.download&id=294","SKIP"
"584","TrES","v1.1","Redmagus","https://aimp.ru/?do=catalog.download&id=293","SKIP"
"585","XiiaLive","v1.1","Sergio7786","https://aimp.ru/?do=catalog.download&id=292","SKIP"
"586","Gentator","2012-04-10","sagitt.67","https://aimp.ru/?do=catalog.download&id=291","SKIP"
"587","Lunar","v1.1","NikolavRj","https://aimp.ru/?do=catalog.download&id=287","SKIP"
"588","Wooden Metal","2012-03-13","FreeZeek","https://aimp.ru/?do=catalog.download&id=273","SKIP"
"589","Wooden Light","2012-03-13","FreeZeek","https://aimp.ru/?do=catalog.download&id=272","SKIP"
"590","mc2","2012-03-12","bescheidener","https://aimp.ru/?do=catalog.download&id=271","SKIP"
"591","Technique","v1.3","bescheidener","https://aimp.ru/?do=catalog.download&id=270","SKIP"
"592","Lost Minimal","v1.1","Hadin","https://aimp.ru/?do=catalog.download&id=268","SKIP"
"593","Fortuna","v1.1","NikolavRj","https://aimp.ru/?do=catalog.download&id=267","SKIP"
"594","Afterglow","2012-03-12","Denisan","https://aimp.ru/?do=catalog.download&id=266","SKIP"
"595","NRG","v1.3","Sergio7786","https://aimp.ru/?do=catalog.download&id=256","SKIP"
"596","Karo Block (Kletka)","v3","becon","https://aimp.ru/?do=catalog.download&id=255","SKIP"
"597","Karo Block","v3","becon","https://aimp.ru/?do=catalog.download&id=254","SKIP"
"598","Red Extasy","v1.3","shox","https://aimp.ru/?do=catalog.download&id=253","SKIP"
"599","Minimal Gray","2012-01-17","NikolavRj","https://aimp.ru/?do=catalog.download&id=251","SKIP"
"600","Red!","v2.0","NikolavRj","https://aimp.ru/?do=catalog.download&id=250","SKIP"
"601","Oxyfoxy&#39;s AIMP skin","v1.2","Oxyfoxy","https://aimp.ru/?do=catalog.download&id=249","SKIP"
"602","Cool","v2","ART","https://aimp.ru/?do=catalog.download&id=248","SKIP"
"603","Light WMP12 Aero","v1.2","B1ood","https://aimp.ru/?do=catalog.download&id=245","SKIP"
"604","Dark WMP12 Aero","v1.2","B1ood","https://aimp.ru/?do=catalog.download&id=244","SKIP"
"605","Classic Glass","v1.5","SeReG@","https://aimp.ru/?do=catalog.download&id=243","SKIP"
"606","Classic","v1.5","SeReG@","https://aimp.ru/?do=catalog.download&id=242","SKIP"
"607","ABP Black","v1.3","ZeoN7","https://aimp.ru/?do=catalog.download&id=241","SKIP"
"608","ABP White","v1.2","ZeoN7","https://aimp.ru/?do=catalog.download&id=240","SKIP"
"609","Premiere","v1.1","Prince","https://aimp.ru/?do=catalog.download&id=239","SKIP"
"610","New Wave","2011-12-12","cuzmich","https://aimp.ru/?do=catalog.download&id=232","SKIP"
"611","Black Lineage 3","2011-12-09","San4o","https://aimp.ru/?do=catalog.download&id=231","SKIP"
"612","Lineage v.3","2011-12-09","San4o","https://aimp.ru/?do=catalog.download&id=230","SKIP"
"613","Black Minimal","v1.1","BerzerK","https://aimp.ru/?do=catalog.download&id=228","SKIP"
"614","Degro Around","2011-12-06","San4o","https://aimp.ru/?do=catalog.download&id=227","SKIP"
"615","Glass & Pixels","v1.0.2","Xpand","https://aimp.ru/?do=catalog.download&id=226","SKIP"
"616","Zoom","2011-12-04","memo-se","https://aimp.ru/?do=catalog.download&id=225","SKIP"
"617","Hysteria","2011-12-04","Virys90","https://aimp.ru/?do=catalog.download&id=224","SKIP"
"618","Eternal","2011-12-04","Virys90","https://aimp.ru/?do=catalog.download&id=223","SKIP"
"619","Glass Elegant","2011-12-02","Xpand","https://aimp.ru/?do=catalog.download&id=220","SKIP"
"620","Tech","2011-12-01","AngelAG","https://aimp.ru/?do=catalog.download&id=219","SKIP"
"621","Xelis","v1.1","-=Lee=-","https://aimp.ru/?do=catalog.download&id=218","SKIP"
"622","Contrast","2011-11-30","Trifon","https://aimp.ru/?do=catalog.download&id=216","SKIP"
"623","New Wave (long_full)","2011-11-28","SerogaPP","https://aimp.ru/?do=catalog.download&id=215","SKIP"
"624","iAmp","2011-11-28","bescheidener","https://aimp.ru/?do=catalog.download&id=214","SKIP"
"625","Greyvee","2011-11-28","D&#39;Alt Vila","https://aimp.ru/?do=catalog.download&id=213","SKIP"
"626","Zeon","2011-11-25","-=Lee=-","https://aimp.ru/?do=catalog.download&id=212","SKIP"
"627","S7Reflex","v1.9","Sergio7786","https://aimp.ru/?do=catalog.download&id=210","SKIP"
"628","Red Sensor","v2","-=Lee=-","https://aimp.ru/?do=catalog.download&id=209","SKIP"
"629","ViOLET","v2.2","ELECTRON!CK","https://aimp.ru/?do=catalog.download&id=208","SKIP"
"630","Dervy","2011-11-24","-=Lee=-","https://aimp.ru/?do=catalog.download&id=206","SKIP"
"631","T-Black","2011-11-17","-=Lee=-","https://aimp.ru/?do=catalog.download&id=205","SKIP"
"632","L 90","v2","-=Lee=-","https://aimp.ru/?do=catalog.download&id=204","SKIP"
"633","Regrey","2011-11-17","-=Lee=-","https://aimp.ru/?do=catalog.download&id=202","SKIP"
"634","Lagoon","v2","Krieger","https://aimp.ru/?do=catalog.download&id=201","SKIP"
"635","Eres Blue","v2","ReZaK","https://aimp.ru/?do=catalog.download&id=200","SKIP"
"636","KISS FM","2011-11-14","-=Lee=-","https://aimp.ru/?do=catalog.download&id=199","SKIP"
"637","Das Skin","v1.5","Hayo Tee (aka HX722)","https://aimp.ru/?do=catalog.download&id=197","SKIP"
"638","AQUA","v1.1","ELECTRON!CK","https://aimp.ru/?do=catalog.download&id=196","SKIP"
"639","Aorn","2011-11-05","-=Lee=-","https://aimp.ru/?do=catalog.download&id=194","SKIP"
"640","AiREX","2011-11-05","John Éshan","https://aimp.ru/?do=catalog.download&id=193","SKIP"
"641","AIMP GT","2011-11-05","-=Lee=-","https://aimp.ru/?do=catalog.download&id=192","SKIP"
"642","220V","2011-11-05","Xpand","https://aimp.ru/?do=catalog.download&id=191","SKIP"
"643","T-White","v1.1","NikolavRj","https://aimp.ru/?do=catalog.download&id=190","SKIP"
"644","x_Black","2011-10-18","ruSS","https://aimp.ru/?do=catalog.download&id=189","SKIP"
"645","Experience (+Visual)","v1.82","Tarik","https://aimp.ru/?do=catalog.download&id=186","SKIP"
"646","Experience","v1.82","Tarik","https://aimp.ru/?do=catalog.download&id=185","SKIP"
"647","Hameleon","2011-10-17","GR-X","https://aimp.ru/?do=catalog.download&id=184","SKIP"
"648","Euphoria Lux II Remix","v1.2","AngelAG","https://aimp.ru/?do=catalog.download&id=183","SKIP"
"649","Euphoria Lux Remix","v2.8","Tarik","https://aimp.ru/?do=catalog.download&id=182","SKIP"
"650","Euphoria Lux","2011-10-17","GR-X","https://aimp.ru/?do=catalog.download&id=181","SKIP"
"651","Euphoria Remix","v2","GR-X","https://aimp.ru/?do=catalog.download&id=180","SKIP"
"652","Euphoria","v2.3","GR-X","https://aimp.ru/?do=catalog.download&id=179","SKIP"
"653","CYBER","v1.1.4","rodent19","https://aimp.ru/?do=catalog.download&id=178","SKIP"
"654","Genter","v1.7","Nitehost","https://aimp.ru/?do=catalog.download&id=177","SKIP"
"655","EuphoriaGhost","v1.11","Nitehost","https://aimp.ru/?do=catalog.download&id=176","SKIP"
"656","EuphoriaGhost AiO","v1.11","Nitehost","https://aimp.ru/?do=catalog.download&id=175","SKIP"
"657","Enslate","2011-09-29","Nitehost","https://aimp.ru/?do=catalog.download&id=174","SKIP"
"658","Carbonium","2011-09-29","Nitehost","https://aimp.ru/?do=catalog.download&id=173","SKIP"
"659","Brown Life","2011-09-29","Nitehost","https://aimp.ru/?do=catalog.download&id=172","SKIP"
"660","Black II","2011-09-29","Nitehost","https://aimp.ru/?do=catalog.download&id=171","SKIP"
"661","Black","2011-09-29","Nitehost","https://aimp.ru/?do=catalog.download&id=170","SKIP"
"662","Aqualtic","2011-09-29","Nitehost","https://aimp.ru/?do=catalog.download&id=169","SKIP"
"663","AIMP Se7en (English version)","2011-09-29","Nitehost","https://aimp.ru/?do=catalog.download&id=168","SKIP"
"664","AIMP Se7en","2011-09-29","Nitehost","https://aimp.ru/?do=catalog.download&id=167","SKIP"
"665","STALKER_3","2011-09-20","Virys90","https://aimp.ru/?do=catalog.download&id=166","SKIP"
"666","PCB","v1.3.1","Tarik","https://aimp.ru/?do=catalog.download&id=165","SKIP"
"667","AyonPlayer","v1.0.5","Virys90","https://aimp.ru/?do=catalog.download&id=164","SKIP"
"668","Euphoria AIO","v3.01","GR-X","https://aimp.ru/?do=catalog.download&id=163","SKIP"
"669","Euphoria","v3.01","GR-X","https://aimp.ru/?do=catalog.download&id=162","SKIP"
"670","Pure","v3.02","Mery Dev","https://aimp.ru/?do=catalog.download&id=160","SKIP"
"671","Eske","v1.5","Mery Dev","https://aimp.ru/?do=catalog.download&id=159","SKIP"
"672","BYG","v1.5","Mery Dev","https://aimp.ru/?do=catalog.download&id=158","SKIP"
"673","Aimp Win7 (Blue)","v2.2","Raider01","https://aimp.ru/?do=catalog.download&id=156","SKIP"
"674","AIMP Win7","v2.2","Raider01","https://aimp.ru/?do=catalog.download&id=155","SKIP"
"675","Millenium","2011-07-16","Prince","https://aimp.ru/?do=catalog.download&id=154","SKIP"
"676","Millenium","v2.0","Prince","https://aimp.ru/?do=catalog.download&id=153","SKIP"
"677","Millenium (TC Classic)","2011-07-16","Prince","https://aimp.ru/?do=catalog.download&id=152","SKIP"
"678","Millenium","2011-07-16","Prince","https://aimp.ru/?do=catalog.download&id=151","SKIP"
"679","Antimatter","v1.1","Grin","https://aimp.ru/?do=catalog.download&id=150","SKIP"
"680","WinClassic","v1.3","Iv_","https://aimp.ru/?do=catalog.download&id=149","SKIP"
"681","Runic","2011-06-06","Freyr (aka Kristall_k8)","https://aimp.ru/?do=catalog.download&id=148","SKIP"
"682","KMPlayer Pure Remix","v6.03","ProGroup","https://aimp.ru/?do=catalog.download&id=147","SKIP"
"683","Capsule","2011-06-06","AngelAG","https://aimp.ru/?do=catalog.download&id=146","SKIP"
"684","Black Lineage 2","2011-06-06","San4o","https://aimp.ru/?do=catalog.download&id=145","SKIP"
"685","B&W Lineage 2","2011-06-06","San4o","https://aimp.ru/?do=catalog.download&id=144","SKIP"
"686","Black Glass","v1.1","San4o","https://aimp.ru/?do=catalog.download&id=143","SKIP"
"687","Acryl","2011-05-31","Freyr (aka Kristall_k8)","https://aimp.ru/?do=catalog.download&id=142","SKIP"
"688","Black Lineage","v1.1","San4o","https://aimp.ru/?do=catalog.download&id=141","SKIP"
"689","B&W Lineage","v1.1","San4o","https://aimp.ru/?do=catalog.download&id=140","SKIP"
"690","A700-B","2011-05-31","Artego","https://aimp.ru/?do=catalog.download&id=139","SKIP"
"691","A700","2011-05-31","Artego","https://aimp.ru/?do=catalog.download&id=138","SKIP"
"692","Red Sensor","v1.1","-=Lee=-","https://aimp.ru/?do=catalog.download&id=137","SKIP"
"693","INVI Pro (Round)","v1.5","Imperator3","https://aimp.ru/?do=catalog.download&id=136","SKIP"
"694","INVI Pro","v1.5","Imperator3","https://aimp.ru/?do=catalog.download&id=135","SKIP"
"695","BorderControl Red","2011-05-31","FreeZeek","https://aimp.ru/?do=catalog.download&id=134","SKIP"
"696","Red glamur","2011-05-29","false","https://aimp.ru/?do=catalog.download&id=133","SKIP"
"697","Lite Style","2011-05-29","RESIN","https://aimp.ru/?do=catalog.download&id=132","SKIP"
"698","iAIMP","v2.52","Hajuskin","https://aimp.ru/?do=catalog.download&id=131","SKIP"
"699","XCrystall","2011-05-29","San4o","https://aimp.ru/?do=catalog.download&id=130","SKIP"
"700","Black Hoop","v1.1","San4o","https://aimp.ru/?do=catalog.download&id=129","SKIP"
"701","Pimeer","2011-05-19","PL","https://aimp.ru/?do=catalog.download&id=128","SKIP"
"702","Micro AIMP","2011-05-19","ProGroup","https://aimp.ru/?do=catalog.download&id=127","SKIP"
"703","Dark night","v1.01","superziaba","https://aimp.ru/?do=catalog.download&id=126","SKIP"
"704","Blister","v1.1","Imperator3","https://aimp.ru/?do=catalog.download&id=125","SKIP"
"705","Black Ice","v1.02","alex-snk","https://aimp.ru/?do=catalog.download&id=124","SKIP"
"706","ZEN","v1.11","SanekK","https://aimp.ru/?do=catalog.download&id=123","SKIP"
"707","Win98&#39;s","2011-05-19","ILYA","https://aimp.ru/?do=catalog.download&id=122","SKIP"
"708","Strong","v1.3","KEIII","https://aimp.ru/?do=catalog.download&id=121","SKIP"
"709","Sports Orange","v1.02","FreeZeek","https://aimp.ru/?do=catalog.download&id=120","SKIP"
"710","Sports Blue","v1.02","FreeZeek","https://aimp.ru/?do=catalog.download&id=119","SKIP"
"711","SoftLine","2011-05-19","Kolbasko","https://aimp.ru/?do=catalog.download&id=118","SKIP"
"712","Simplicity","2011-05-19","Gudkoff","https://aimp.ru/?do=catalog.download&id=117","SKIP"
"713","Sidebar (Euphoria Lux Remix)","v1.","AngelAG","https://aimp.ru/?do=catalog.download&id=116","SKIP"
"714","My Spider","v1.1","Freyr (aka Kristall_k8)","https://aimp.ru/?do=catalog.download&id=115","SKIP"
"715","GOM Player","2011-05-17","Imperator3","https://aimp.ru/?do=catalog.download&id=114","SKIP"
"716","Evil Eyes","v1.2","Barbiturat","https://aimp.ru/?do=catalog.download&id=113","SKIP"
"717","Eternity","v2.6","Krieger","https://aimp.ru/?do=catalog.download&id=112","SKIP"
"718","Essence","2011-05-17","San4o","https://aimp.ru/?do=catalog.download&id=111","SKIP"
"719","Digital Light","v1.0","KEIII","https://aimp.ru/?do=catalog.download&id=110","SKIP"
"720","Dark Lagoon","v2.3","Krieger","https://aimp.ru/?do=catalog.download&id=109","SKIP"
"721","Cucumber","v3.0","Krieger","https://aimp.ru/?do=catalog.download&id=108","SKIP"
"722","cPro Insomnis","v1.1","HuLk","https://aimp.ru/?do=catalog.download&id=107","SKIP"
"723","Color Mini","v1.2","Prince","https://aimp.ru/?do=catalog.download&id=106","SKIP"
"724","Color Dragon Mini","v1.8","Prince","https://aimp.ru/?do=catalog.download&id=105","SKIP"
"725","Breeze","v1.21","KEIII","https://aimp.ru/?do=catalog.download&id=104","SKIP"
"726","Black Reflection Style","v1.04","KEIII","https://aimp.ru/?do=catalog.download&id=103","SKIP"
"727","Binary","v1.5","T.R.S.","https://aimp.ru/?do=catalog.download&id=102","SKIP"
"728","Bif","2011-05-17","San4o","https://aimp.ru/?do=catalog.download&id=101","SKIP"
"729","AIMP Red Lights","v1.6","Tarik","https://aimp.ru/?do=catalog.download&id=100","SKIP"
"730","ViOLET AIO","2011-05-15","ELECTRON!CK","https://aimp.ru/?do=catalog.download&id=99","SKIP"
"731","Nude","2011-05-14","San4o","https://aimp.ru/?do=catalog.download&id=92","SKIP"
"732","Degro","2011-05-14","San4o","https://aimp.ru/?do=catalog.download&id=91","SKIP"
"733","Aqua Minerale","v1.2","Freyr (aka Kristall_k8)","https://aimp.ru/?do=catalog.download&id=90","SKIP"
"734","50daysS","v2.11","-=Vovan=-","https://aimp.ru/?do=catalog.download&id=89","SKIP"
"735","50daysS","v1.12","-=Vovan=-","https://aimp.ru/?do=catalog.download&id=88","SKIP"
"736","Black Glass","v3","San4o","https://aimp.ru/?do=catalog.download&id=83","SKIP"
"737","XenoMorph","2009-12-28","Imperator3","https://aimp.ru/?do=catalog.download&id=13","SKIP"
"738","XenoMorph (no visual)","2009-12-28","Imperator3","https://aimp.ru/?do=catalog.download&id=14","SKIP"
"739","Yellow-blue","2009-12-28","k.egor","https://aimp.ru/?do=catalog.download&id=15","SKIP"
"740","Yellow","2009-12-28","k.egor","https://aimp.ru/?do=catalog.download&id=16","SKIP"
"741","Modern Night","2009-12-28","Pro.Grammer","https://aimp.ru/?do=catalog.download&id=9","SKIP"
"742","Old Systems","2009-12-28","Imperator3","https://aimp.ru/?do=catalog.download&id=10","SKIP"
"743","Simpler","2009-12-28","Hammett","https://aimp.ru/?do=catalog.download&id=12","SKIP"
"744","iPhone theme","2009-12-28","RadioRec","https://aimp.ru/?do=catalog.download&id=8","SKIP"
"745","BW Minimal","2009-12-28","shox","https://aimp.ru/?do=catalog.download&id=3","SKIP"
"746","Comfort","2009-12-28","Freyr (aka Kristall_k8)","https://aimp.ru/?do=catalog.download&id=4","SKIP"
"747","Gothic Theatre","2009-12-28","Freyr (aka Kristall_k8)","https://aimp.ru/?do=catalog.download&id=5","SKIP"
"748","Black Stilismo V","2009-12-28","San4o","https://aimp.ru/?do=catalog.download&id=2","SKIP"
"749","Big Bento","2009-12-27","Pro.Grammer","https://aimp.ru/?do=catalog.download&id=1","SKIP"
"750","Azenis 2","2009-12-27","Evgen","https://aimp.ru/?do=catalog.download&id=321","SKIP"
